<?xml version = "1.0"?>
<GameData>
<!-- screenTitle is also used to identify you and your animation. 
     So make sure to include your name as part of the screenTitle -->
<screenTitle>Surya Sharma</screenTitle>
<maxStringSize>50</maxStringSize>

<frameCap>60</frameCap>
<framesAreCapped>true</framesAreCapped>

<frameMax>300</frameMax>
<username>spsharm</username>
<fpsAveragedOver>200</fpsAveragedOver>

<view>
  <width>854</width>
  <height>480</height>
</view>

<world>
  <width>1000</width>
  <height>1000</height>
</world>

<!-- Parallax Layers -->

<back>
  <file>images/Layer0.bmp</file>
  <red>255</red>
  <green>0</green>
  <blue>255</blue>
  <factor>18</factor>
  <transparency>true</transparency>
</back>

<blueb>
  <file>images/Layer4.bmp</file>
  <factor>12</factor>
  <transparency>true</transparency>
</blueb>

<redb>
  <file>images/Layer8.bmp</file>
  <factor>4</factor>
  <transparency>true</transparency>
</redb>

<LayerGreenSmall>
  <file>images/Layer3.bmp</file>
  <factor>1</factor>
  <transparency>true</transparency>
</LayerGreenSmall>

<!-- USER INTERFACE -->
<!-- Text and location to display -->

<font name="font">
  <file>font/Market_Deco.ttf</file>
  <size>16</size>
  <red>132</red>
  <green>193</green>
  <blue>59</blue>
  <unused>0</unused>
</font>

<trackingtext>
<text>Tracking </text>
<loc x="5" y="5" />
</trackingtext>

<fpstext>
<text>fps:</text>
<loc x="5" y="13" />
</fpstext>


<!-- TOP HUD LINE, LOCATION AND COLOR -->
<tophud>
  <gamename>EVOLUTION</gamename>
  <lineYloc>50</lineYloc>
  <linethickness>5</linethickness>
  <titleyloc>13</titleyloc>
  <linered>132</linered>
  <linegreen>193</linegreen>
  <lineblue>59</lineblue>
  <fontfile>font/ghost_crazy.ttf</fontfile>
  <fontsize>24</fontsize>
  <showtime>5500</showtime>
  <delNum>
    <text>/ </text> <!-- Max Number of sprites according to score -->
    <x>174</x>
    <y>63 </y>
  </delNum>
  <delAct><!-- Actual Number of sprites on screen -->
    <text>Delicious Monsters: </text>
    <x>5</x>
    <y>63 </y>
  </delAct>
  <scaryNum>
    <text>/ </text> <!-- Max Scary Monsters: -->
    <x>143</x>
    <y>85</y>
  </scaryNum>
  <scaryAct>
    <text>Scary Monsters: </text>
    <x>5</x>
    <y>85</y>
  </scaryAct>
  <winText>
    <text>YOU WON!</text>
    <x>200</x>
    <y>85</y>
  </winText>
</tophud>

<!-- BOTTOM HUD LINE, LOCATION AND COLOR -->
<bothud>
  <lineYloc>430</lineYloc>
  <linethickness>5</linethickness>
  <titleyloc>13</titleyloc>
  <linered>132</linered>
  <linegreen>193</linegreen>
  <lineblue>59</lineblue>
  <fontfile>font/ghost_crazy.ttf</fontfile>
  <fontsize>24</fontsize>
</bothud>

<avoidtext>
<text>Avoid: </text>
<xloc>550</xloc>
<yloc>17</yloc>
<fontnum>0</fontnum>
<spriteXIncrement>50</spriteXIncrement>
</avoidtext>

<scoretext>
<text>Score: </text>
<xloc>750</xloc>
<yloc>17</yloc>
<fontnum>0</fontnum>
</scoretext>


<helptext>
<text>Use asdw to move, F1 to toggle HUD, F4 for frames, r to reset</text>
<xloc>150</xloc>
<yloc>450</yloc>
</helptext>

<!-- Sprites -->

<player>
<scoreIncrement>0</scoreIncrement>
  <file>images/player.png</file>
  <startLoc x="200" y="200"/>
  <frames>26</frames>
  <frameInterval>150</frameInterval>
  <speedX>0</speedX>
  <speedY>0</speedY>
  <speed>80</speed>
  <transparency>true</transparency>
  <aimerthickness>2</aimerthickness>
  <aimred>251</aimred>
  <aimgreen>232</aimgreen>
  <aimblue>163</aimblue>
  <chunk>
    <size>20</size>
    <distance>30</distance>
  </chunk>
</player>

<!-- MONSTER MANAGER -->
<!-- This area allows modification to the number of monsters, starting counts etc -->
<!-- Monsters need to be named Monster0, Monster1, Monster11 etc -->
<numMonstersNames>7</numMonstersNames>

<!-- List of names to randomize monsters from. 
These two need to add up to less than the number above, otherwise the game will crash -->
<numInitialDeliciousNames>2</numInitialDeliciousNames>
<numInitialScaryNames>1</numInitialScaryNames>

<!-- Actual number of monsters to draw from the list of names -->
<numDelSprites>10</numDelSprites>>
<numEnemySprites>10</numEnemySprites>
<maxDelSprites>30</maxDelSprites> <!-- You can make this really high, but the game becomes too easy -->
<maxScarySprites>18</maxScarySprites> <!-- Can increase difficulty -->
<delSpritesDivider>100</delSpritesDivider>
<enemySpritesDivider>200</enemySpritesDivider>


<currentMonster>Monster5</currentMonster> <!-- Ddebugging -->

<Monster0>
<scoreIncrement>100</scoreIncrement>
  <chunk>
    <size>20</size>
    <distance>10</distance>
  </chunk>
  <file>images/0.png</file>
  <startLoc x="120" y="140"/>
  <frames>26</frames>
  <frameInterval>150</frameInterval>
  <speedX>-100</speedX>
  <speedY>-100</speedY>
  <transparency>true</transparency>
</Monster0>

<Monster1>
<scoreIncrement>100</scoreIncrement>
  <chunk>
    <size>20</size>
    <distance>10</distance>
  </chunk>
  <file>images/1.png</file>
  <startLoc x="120" y="140"/>
  <frames>24</frames>
  <frameInterval>100</frameInterval>
  <speedX>-100</speedX>
  <speedY>-100</speedY>
  <transparency>true</transparency>
</Monster1>

<Monster2>
<scoreIncrement>100</scoreIncrement>
  <chunk>
    <size>20</size>
    <distance>10</distance>
  </chunk>
  <file>images/2.png</file>
  <startLoc x="120" y="140"/>
  <frames>24</frames>
  <frameInterval>3000</frameInterval>
  <speedX>-100</speedX>
  <speedY>-100</speedY>
  <transparency>true</transparency>
</Monster2>


<Monster3>
<scoreIncrement>100</scoreIncrement>
  <chunk>
    <size>20</size>
    <distance>10</distance>
  </chunk>
  <file>images/3.png</file>
  <startLoc x="120" y="140"/>
  <frames>26</frames>
  <frameInterval>150</frameInterval>
  <speedX>-100</speedX>
  <speedY>-100</speedY>
  <transparency>true</transparency>
</Monster3>

<Monster4>
<scoreIncrement>100</scoreIncrement>
  <file>images/4.png</file>
  <startLoc x="200" y="400"/>
  <frames>8</frames>
  <frameInterval>300</frameInterval>
  <speedX>-100</speedX>
  <speedY>-100</speedY>
  <transparency>true</transparency>
  <chunk>
    <size>20</size>
    <distance>10</distance>
  </chunk>
</Monster4>

<Monster5>
<scoreIncrement>100</scoreIncrement>
  <chunk>
    <size>30</size>
    <distance>10</distance>
  </chunk>
  <file>images/5.png</file>
  <startLoc x="120" y="140"/>
  <frames>26</frames>
  <frameInterval>100</frameInterval>
  <speedX>-100</speedX>
  <speedY>-100</speedY>
  <transparency>true</transparency>
</Monster5>


<Monster6>
<scoreIncrement>100</scoreIncrement>
  <chunk>
    <size>40</size>
    <distance>10</distance>
  </chunk>
  <file>images/6.png</file>
  <startLoc x="120" y="140"/>
  <frames>26</frames>
  <frameInterval>100</frameInterval>
  <speedX>-100</speedX>
  <speedY>-100</speedY>
  <transparency>true</transparency>
</Monster6>



</GameData>


